file,species
0021e90e4.png,Small-flowered Cranesbill
003d61042.png,Fat Hen
007b3da8b.png,Cleavers
0086a6340.png,Common Chickweed
00c47e980.png,Scentless Mayweed
00d090cde.png,Scentless Mayweed
00ef713a8.png,Small-flowered Cranesbill
01291174f.png,Cleavers
026716f9b.png,Loose Silky-bent
02cfeb38d.png,Loose Silky-bent
03566743d.png,Shepherds Purse
03a2ee656.png,Small-flowered Cranesbill
03e322a29.png,Shepherds Purse
03ef36742.png,Scentless Mayweed
043449b0b.png,Cleavers
0437393b1.png,Cleavers
04814f36d.png,Scentless Mayweed
05341a8a6.png,Scentless Mayweed
060450d79.png,Small-flowered Cranesbill
060f1dc84.png,Cleavers
0625f063b.png,Small-flowered Cranesbill
063363305.png,Small-flowered Cranesbill
06d12f6fa.png,Small-flowered Cranesbill
071cb3ece.png,Cleavers
0751c0bbc.png,Scentless Mayweed
07e62f903.png,Shepherds Purse
085974290.png,Cleavers
0885e7690.png,Scentless Mayweed
089ad62a7.png,Small-flowered Cranesbill
08d591441.png,Scentless Mayweed
0911d3dee.png,Small-flowered Cranesbill
099b961ec.png,Small-flowered Cranesbill
0a64e3e6c.png,Loose Silky-bent
0ad9e7dfb.png,Scentless Mayweed
0ae6668fa.png,Loose Silky-bent
0bf7bfb05.png,Loose Silky-bent
0c27cf05f.png,Small-flowered Cranesbill
0c4199daa.png,Loose Silky-bent
0c45ace27.png,Small-flowered Cranesbill
0c51bf229.png,Shepherds Purse
0c5f6c493.png,Small-flowered Cranesbill
0caeda5df.png,Loose Silky-bent
0d117d910.png,Small-flowered Cranesbill
0d31e6602.png,Small-flowered Cranesbill
0dba99002.png,Scentless Mayweed
0e8492cb1.png,Scentless Mayweed
0ebf8f2f4.png,Small-flowered Cranesbill
0ee4ad224.png,Scentless Mayweed
0f6cbe5e8.png,Maize
0fb233ad6.png,Small-flowered Cranesbill
115f93ecc.png,Loose Silky-bent
116b136de.png,Scentless Mayweed
1191ba346.png,Cleavers
11d3f68ff.png,Loose Silky-bent
122913909.png,Common Chickweed
12625488b.png,Fat Hen
126a71ce0.png,Charlock
1312065a5.png,Small-flowered Cranesbill
1364b297a.png,Cleavers
1376f3b63.png,Cleavers
13b9fa92d.png,Cleavers
1459e96a0.png,Cleavers
148bbda66.png,Charlock
14bb43eee.png,Cleavers
1541bdb2e.png,Common Chickweed
1623fb9e1.png,Fat Hen
16357b436.png,Loose Silky-bent
16467a950.png,Loose Silky-bent
165681fd9.png,Cleavers
1694a70e4.png,Scentless Mayweed
16fd2e01a.png,Small-flowered Cranesbill
172f9b10b.png,Shepherds Purse
17529c555.png,Scentless Mayweed
1758a1baf.png,Common Chickweed
177d7e2a4.png,Small-flowered Cranesbill
17a78fb44.png,Cleavers
17d5e5ac4.png,Loose Silky-bent
1821eb11a.png,Scentless Mayweed
187668bde.png,Scentless Mayweed
1926e82fd.png,Loose Silky-bent
19618ad6a.png,Scentless Mayweed
19b51843a.png,Small-flowered Cranesbill
19e58cc5e.png,Common Chickweed
19fdf19fb.png,Cleavers
1b490196c.png,Small-flowered Cranesbill
1b6a6494d.png,Scentless Mayweed
1be0713da.png,Scentless Mayweed
1bf9b94a6.png,Cleavers
1c52ea820.png,Fat Hen
1c680883c.png,Cleavers
1cfd91582.png,Charlock
1d0cbd819.png,Loose Silky-bent
1d321253f.png,Cleavers
1d48b7564.png,Loose Silky-bent
1d56351b2.png,Common Chickweed
1dc7c45df.png,Loose Silky-bent
1e095a7e1.png,Small-flowered Cranesbill
1f290e016.png,Scentless Mayweed
1f3f44563.png,Shepherds Purse
1f5e5554e.png,Charlock
1fefb54b7.png,Cleavers
205df1df3.png,Scentless Mayweed
20817c846.png,Scentless Mayweed
20e562fd5.png,Cleavers
20ea96bcc.png,Loose Silky-bent
20f983a71.png,Cleavers
2126dc71b.png,Small-flowered Cranesbill
219fd68d5.png,Scentless Mayweed
223e4af09.png,Cleavers
22e79540f.png,Cleavers
22fbf13d6.png,Loose Silky-bent
239bdf640.png,Charlock
23bc8ec4f.png,Common Chickweed
23e480e64.png,Small-flowered Cranesbill
2406d6c99.png,Small-flowered Cranesbill
241e6935a.png,Cleavers
248436078.png,Cleavers
24a058589.png,Charlock
24c94a6ca.png,Scentless Mayweed
24d36c52c.png,Scentless Mayweed
24d78df74.png,Small-flowered Cranesbill
24dbc3b21.png,Scentless Mayweed
258b1183c.png,Cleavers
25a4c427e.png,Loose Silky-bent
25cf6eb73.png,Small-flowered Cranesbill
25fa8d109.png,Loose Silky-bent
26852751a.png,Charlock
2693e5c65.png,Small-flowered Cranesbill
26e7ae885.png,Cleavers
270b939cf.png,Small-flowered Cranesbill
279df95f2.png,Cleavers
288564c76.png,Cleavers
29bab7cad.png,Common Chickweed
29ce426a1.png,Shepherds Purse
29f49cd0b.png,Cleavers
2a5064f19.png,Cleavers
2a667e099.png,Cleavers
2b55a2da2.png,Charlock
2bd74d2da.png,Scentless Mayweed
2d5058a59.png,Small-flowered Cranesbill
2d992d1fb.png,Loose Silky-bent
2d9c798f9.png,Small-flowered Cranesbill
2dd5cfba9.png,Shepherds Purse
2df78338c.png,Shepherds Purse
2e86f1085.png,Fat Hen
2ea664465.png,Cleavers
2f0004a7f.png,Loose Silky-bent
2f246d688.png,Small-flowered Cranesbill
2ff5cb348.png,Scentless Mayweed
30ad31220.png,Charlock
3185294c8.png,Scentless Mayweed
31f3dd81f.png,Loose Silky-bent
31fcdc161.png,Maize
3281183f9.png,Scentless Mayweed
32a8c8a1d.png,Loose Silky-bent
32b42c120.png,Small-flowered Cranesbill
32c86784b.png,Common Chickweed
33317fc2a.png,Cleavers
33448fe39.png,Loose Silky-bent
33748968f.png,Cleavers
338c7e907.png,Small-flowered Cranesbill
34dd57ca9.png,Loose Silky-bent
3526b05cc.png,Scentless Mayweed
35a90f8d0.png,Scentless Mayweed
35cf9fa01.png,Shepherds Purse
35ebe165c.png,Small-flowered Cranesbill
36839d5e9.png,Scentless Mayweed
36d62bf36.png,Loose Silky-bent
36ed4f215.png,Shepherds Purse
37297a64c.png,Small-flowered Cranesbill
37714071b.png,Shepherds Purse
377283a21.png,Shepherds Purse
37c3108d6.png,Small-flowered Cranesbill
37e545a60.png,Small-flowered Cranesbill
3827436f3.png,Common Chickweed
38c054379.png,Scentless Mayweed
391dcd7fd.png,Loose Silky-bent
39858776a.png,Cleavers
39b740f7e.png,Loose Silky-bent
39c8fde99.png,Loose Silky-bent
39d569be4.png,Loose Silky-bent
3a909ead8.png,Small-flowered Cranesbill
3abb502fb.png,Loose Silky-bent
3b73c3b61.png,Scentless Mayweed
3bbef3ecb.png,Scentless Mayweed
3d38a87bc.png,Scentless Mayweed
3d65168c2.png,Small-flowered Cranesbill
3d67c434b.png,Fat Hen
3da774107.png,Cleavers
3dd52bd2a.png,Small-flowered Cranesbill
3e9f41817.png,Loose Silky-bent
3ebbe9ca4.png,Charlock
3eda9cbb6.png,Scentless Mayweed
3edf5e9ef.png,Scentless Mayweed
3eebd36c6.png,Charlock
3efa1f66c.png,Loose Silky-bent
3f64c2c1b.png,Loose Silky-bent
3f826b318.png,Small-flowered Cranesbill
3f92d8039.png,Loose Silky-bent
3fbd0fc6a.png,Small-flowered Cranesbill
3fbf1a417.png,Cleavers
4049a6ea6.png,Loose Silky-bent
406162ef9.png,Charlock
406ecb5c5.png,Charlock
410e6f702.png,Small-flowered Cranesbill
41e07778c.png,Cleavers
41f1c3cdb.png,Fat Hen
4287d810c.png,Shepherds Purse
429211ee6.png,Cleavers
42e7ed442.png,Shepherds Purse
4392d93cf.png,Cleavers
43ede9de9.png,Charlock
444473900.png,Cleavers
446f7da01.png,Cleavers
44e8b8833.png,Small-flowered Cranesbill
456d507c0.png,Cleavers
466bb6d3b.png,Shepherds Purse
46c14fde2.png,Loose Silky-bent
47b7d8e17.png,Small-flowered Cranesbill
47f9e5d91.png,Small-flowered Cranesbill
48231e475.png,Scentless Mayweed
4823c3ffa.png,Cleavers
486e59179.png,Small-flowered Cranesbill
48d97c645.png,Small-flowered Cranesbill
48ef6a2ff.png,Scentless Mayweed
490c4f9c8.png,Fat Hen
4a337a4a9.png,Fat Hen
4ac29bbf0.png,Common Chickweed
4b032563b.png,Common Chickweed
4b155fb07.png,Scentless Mayweed
4bbf1f6ea.png,Small-flowered Cranesbill
4bbfd1e05.png,Cleavers
4bcdaa5e2.png,Cleavers
4c5ab9b68.png,Cleavers
4c7838de4.png,Small-flowered Cranesbill
4c8005bbc.png,Loose Silky-bent
4e1190d78.png,Loose Silky-bent
4e18ab737.png,Cleavers
4e69d100a.png,Small-flowered Cranesbill
4e9d3765f.png,Charlock
4ea7493d5.png,Scentless Mayweed
4f44ca525.png,Small-flowered Cranesbill
4f83143e1.png,Shepherds Purse
502dff972.png,Small-flowered Cranesbill
506347cfe.png,Scentless Mayweed
50de8a115.png,Small-flowered Cranesbill
521b27a17.png,Loose Silky-bent
523e5505c.png,Cleavers
5296835a0.png,Small-flowered Cranesbill
52a87abe5.png,Cleavers
52dc7a4d6.png,Small-flowered Cranesbill
5315c2dca.png,Loose Silky-bent
534e74d83.png,Scentless Mayweed
539961189.png,Small-flowered Cranesbill
53ceb4657.png,Small-flowered Cranesbill
53e6e9000.png,Loose Silky-bent
54b3afd58.png,Cleavers
54c8bb900.png,Scentless Mayweed
550a8b7e6.png,Small-flowered Cranesbill
55251925f.png,Small-flowered Cranesbill
558aa7deb.png,Loose Silky-bent
55920f07f.png,Small-flowered Cranesbill
55a852f40.png,Common Chickweed
55fed435f.png,Shepherds Purse
56112b92c.png,Small-flowered Cranesbill
56a01b835.png,Cleavers
5779fe8b4.png,Loose Silky-bent
5817b766d.png,Shepherds Purse
5883b423d.png,Scentless Mayweed
589e643b8.png,Small-flowered Cranesbill
590f5aea6.png,Cleavers
592473c83.png,Loose Silky-bent
592cc5b89.png,Loose Silky-bent
59358cd44.png,Small-flowered Cranesbill
593896f83.png,Small-flowered Cranesbill
599691cd9.png,Small-flowered Cranesbill
599c82eea.png,Scentless Mayweed
59b2c6f2b.png,Scentless Mayweed
59c6a9f95.png,Small-flowered Cranesbill
59e1cea8d.png,Cleavers
59f62ad1d.png,Loose Silky-bent
5a38ac566.png,Loose Silky-bent
5a6bf96f6.png,Common Chickweed
5af1d74ee.png,Scentless Mayweed
5b3000b9a.png,Maize
5b3beec58.png,Loose Silky-bent
5b63dcc21.png,Small-flowered Cranesbill
5bbc0a255.png,Small-flowered Cranesbill
5bc6595f6.png,Common Chickweed
5bd71f445.png,Common Chickweed
5bdcfa329.png,Loose Silky-bent
5c3cd7ea2.png,Scentless Mayweed
5ca0205f9.png,Charlock
5ca2687a4.png,Scentless Mayweed
5dcad9a53.png,Small-flowered Cranesbill
5e6a237f2.png,Cleavers
5eb9c26a6.png,Small-flowered Cranesbill
5ee9d0a5b.png,Loose Silky-bent
5f04aed97.png,Small-flowered Cranesbill
6049234e6.png,Cleavers
604dd663f.png,Small-flowered Cranesbill
606647f64.png,Common Chickweed
60ee66ddd.png,Cleavers
60f0bc617.png,Small-flowered Cranesbill
60fea2ef6.png,Scentless Mayweed
615d2b0a9.png,Scentless Mayweed
618de3d7a.png,Charlock
61b044411.png,Small-flowered Cranesbill
61dd2cdc5.png,Cleavers
632156793.png,Cleavers
63c07d340.png,Scentless Mayweed
647689543.png,Loose Silky-bent
64fe8beb9.png,Scentless Mayweed
653193c1a.png,Cleavers
65489944f.png,Small-flowered Cranesbill
659412b1a.png,Loose Silky-bent
65d08b894.png,Cleavers
65e262a6d.png,Charlock
65e97117e.png,Loose Silky-bent
664194d19.png,Small-flowered Cranesbill
6680836dd.png,Cleavers
668c1007c.png,Charlock
66ab0e8d0.png,Charlock
675ec1b0b.png,Small-flowered Cranesbill
67ce3eaa6.png,Small-flowered Cranesbill
67e185673.png,Small-flowered Cranesbill
686dc7ec8.png,Loose Silky-bent
6908fb540.png,Scentless Mayweed
6982a9d30.png,Small-flowered Cranesbill
699d3c707.png,Cleavers
69d1669f8.png,Small-flowered Cranesbill
6a41bf95b.png,Scentless Mayweed
6a47821f9.png,Loose Silky-bent
6b721f68e.png,Loose Silky-bent
6b9d6f8c9.png,Cleavers
6ba4ef411.png,Cleavers
6bce55e05.png,Cleavers
6be169e41.png,Small-flowered Cranesbill
6c874918c.png,Loose Silky-bent
6d6eb3830.png,Cleavers
6da892be6.png,Small-flowered Cranesbill
6db684fff.png,Scentless Mayweed
6dd095129.png,Small-flowered Cranesbill
6df8e31ea.png,Cleavers
6edb96d45.png,Cleavers
6edc76e7c.png,Small-flowered Cranesbill
711b46fba.png,Shepherds Purse
71334c634.png,Common Chickweed
71b232519.png,Loose Silky-bent
71e73a8a0.png,Scentless Mayweed
71f5323c5.png,Loose Silky-bent
721b2c47a.png,Cleavers
721be0a4a.png,Loose Silky-bent
728eabae1.png,Charlock
73260a4ee.png,Small-flowered Cranesbill
74068643d.png,Loose Silky-bent
74d810f87.png,Loose Silky-bent
74fd477eb.png,Small-flowered Cranesbill
7506c0c02.png,Scentless Mayweed
752101fdf.png,Small-flowered Cranesbill
754b1adf8.png,Small-flowered Cranesbill
756dd5070.png,Small-flowered Cranesbill
75cb95e91.png,Scentless Mayweed
7615e52d3.png,Cleavers
76555b064.png,Loose Silky-bent
7691014a1.png,Small-flowered Cranesbill
7696badea.png,Loose Silky-bent
76dbd1054.png,Scentless Mayweed
770a265f5.png,Small-flowered Cranesbill
77ccb8b2a.png,Small-flowered Cranesbill
780bd2a2c.png,Fat Hen
780defa2e.png,Shepherds Purse
785a73ab8.png,Shepherds Purse
78750e0ff.png,Small-flowered Cranesbill
78b1bf91a.png,Cleavers
78c5fba1d.png,Scentless Mayweed
79d93bc96.png,Scentless Mayweed
79dafec17.png,Loose Silky-bent
79e5ea8fa.png,Loose Silky-bent
79fba50db.png,Small-flowered Cranesbill
7a38416be.png,Charlock
7b21ba6ba.png,Scentless Mayweed
7b52585da.png,Scentless Mayweed
7beb2766f.png,Scentless Mayweed
7c85b0265.png,Loose Silky-bent
7cabd68cc.png,Loose Silky-bent
7d22abf91.png,Scentless Mayweed
7d3045fc3.png,Scentless Mayweed
7d4cd07ad.png,Small-flowered Cranesbill
7e9cf1c46.png,Small-flowered Cranesbill
7f31c7f42.png,Loose Silky-bent
7f46a71db.png,Scentless Mayweed
7f9e9565d.png,Scentless Mayweed
7fdb7202d.png,Scentless Mayweed
800a8c17e.png,Fat Hen
808578ed5.png,Cleavers
808cf55c6.png,Cleavers
809eb0b82.png,Charlock
80e299ae9.png,Small-flowered Cranesbill
8104422bb.png,Common Chickweed
8170d33c1.png,Maize
824f5d4e5.png,Scentless Mayweed
827279bad.png,Scentless Mayweed
82b5f4d33.png,Shepherds Purse
8301b0547.png,Charlock
8303b27ed.png,Loose Silky-bent
8311740de.png,Cleavers
835dc5447.png,Small-flowered Cranesbill
837ac0270.png,Scentless Mayweed
8455169fe.png,Loose Silky-bent
851c90831.png,Loose Silky-bent
85431c075.png,Loose Silky-bent
855955aaf.png,Small-flowered Cranesbill
856f2910a.png,Small-flowered Cranesbill
8585f9718.png,Loose Silky-bent
862b8e7a0.png,Cleavers
86676d627.png,Fat Hen
866be78b0.png,Shepherds Purse
86c309150.png,Scentless Mayweed
86f08e6d1.png,Cleavers
87608f7aa.png,Small-flowered Cranesbill
87f627bf9.png,Common Chickweed
8874bba69.png,Loose Silky-bent
88ac6df54.png,Loose Silky-bent
88d8a4508.png,Cleavers
8916793ce.png,Small-flowered Cranesbill
892e9d6c6.png,Scentless Mayweed
897e5a8de.png,Cleavers
8a30b2de3.png,Cleavers
8a32d0bfa.png,Small-flowered Cranesbill
8a4d3a1b1.png,Loose Silky-bent
8a8d6c712.png,Cleavers
8ab8a958b.png,Cleavers
8b043093d.png,Small-flowered Cranesbill
8b27bfd2b.png,Small-flowered Cranesbill
8b9144917.png,Small-flowered Cranesbill
8bc0261c9.png,Loose Silky-bent
8c98a6e9b.png,Loose Silky-bent
8c9953903.png,Cleavers
8ca6140ca.png,Loose Silky-bent
8cf2e3e6c.png,Small-flowered Cranesbill
8cf909eb3.png,Charlock
8cfd98117.png,Scentless Mayweed
8d6991365.png,Loose Silky-bent
8d6acbe9b.png,Small-flowered Cranesbill
8db450ce3.png,Small-flowered Cranesbill
8dbb8e1b9.png,Cleavers
8e29abce1.png,Scentless Mayweed
8e2e5604e.png,Cleavers
8e3ed0a25.png,Small-flowered Cranesbill
8e4eaeec0.png,Small-flowered Cranesbill
8e6ec1ca6.png,Small-flowered Cranesbill
8ece6efec.png,Scentless Mayweed
8f523520c.png,Shepherds Purse
8faadb6a8.png,Cleavers
90b595f12.png,Common Chickweed
90d119d25.png,Scentless Mayweed
91e469b4a.png,Scentless Mayweed
92292055d.png,Shepherds Purse
93079d970.png,Cleavers
9326bda1b.png,Small-flowered Cranesbill
93d76fd5d.png,Small-flowered Cranesbill
948cdb277.png,Cleavers
9516e56c4.png,Loose Silky-bent
953496deb.png,Cleavers
958bb9e96.png,Charlock
963544aa0.png,Loose Silky-bent
9643fc5f4.png,Charlock
966ae5ad9.png,Loose Silky-bent
969a851be.png,Scentless Mayweed
96ecad7a1.png,Small-flowered Cranesbill
96f14d90c.png,Cleavers
974959ec1.png,Scentless Mayweed
976e4e079.png,Small-flowered Cranesbill
97844bfd5.png,Scentless Mayweed
97b2f0a10.png,Small-flowered Cranesbill
98062cd87.png,Shepherds Purse
98d819587.png,Small-flowered Cranesbill
98da6ef4e.png,Scentless Mayweed
99036c51d.png,Loose Silky-bent
99569b224.png,Loose Silky-bent
995c7ab1e.png,Cleavers
9a3f20121.png,Loose Silky-bent
9aa5587fe.png,Loose Silky-bent
9b4800b42.png,Charlock
9b9911f20.png,Scentless Mayweed
9baf94467.png,Scentless Mayweed
9c0c5b731.png,Loose Silky-bent
9c32a797e.png,Scentless Mayweed
9c777333d.png,Small-flowered Cranesbill
9c8b08a24.png,Loose Silky-bent
9cce7328c.png,Loose Silky-bent
9d3cb4745.png,Cleavers
9d79a1f0c.png,Small-flowered Cranesbill
9df3275da.png,Small-flowered Cranesbill
9fab816f2.png,Cleavers
a006a475c.png,Shepherds Purse
a060c1cf8.png,Small-flowered Cranesbill
a0b393945.png,Small-flowered Cranesbill
a0f37c726.png,Small-flowered Cranesbill
a169b71e7.png,Cleavers
a19c3faca.png,Cleavers
a1da8be3c.png,Maize
a1e0a6c02.png,Cleavers
a254d71f6.png,Loose Silky-bent
a276c65f7.png,Loose Silky-bent
a2b703e21.png,Small-flowered Cranesbill
a2c89c367.png,Charlock
a2d25b4f3.png,Small-flowered Cranesbill
a35fd6fbb.png,Common Chickweed
a38b8a581.png,Small-flowered Cranesbill
a3b375b34.png,Loose Silky-bent
a3d0031fd.png,Loose Silky-bent
a4b61a4ea.png,Loose Silky-bent
a544fc46d.png,Scentless Mayweed
a55d26a4c.png,Small-flowered Cranesbill
a5db42f7d.png,Common Chickweed
a74bf916d.png,Small-flowered Cranesbill
a74d475c2.png,Scentless Mayweed
a7bd7cadb.png,Cleavers
a800caead.png,Scentless Mayweed
a83820a2c.png,Cleavers
a8388a37f.png,Cleavers
a85b48a95.png,Scentless Mayweed
a85fc8c9a.png,Small-flowered Cranesbill
a890ac088.png,Charlock
a8b431a3e.png,Scentless Mayweed
a8c8a1db0.png,Small-flowered Cranesbill
a8da9c08d.png,Scentless Mayweed
a8de7c1b7.png,Loose Silky-bent
a935ca110.png,Cleavers
a93f940d6.png,Scentless Mayweed
a9d2eab61.png,Loose Silky-bent
aa7d098d1.png,Small-flowered Cranesbill
aad8375e0.png,Cleavers
aaf4da98f.png,Cleavers
ab0f67743.png,Loose Silky-bent
ab35453cb.png,Cleavers
abc331628.png,Fat Hen
abf8b0772.png,Scentless Mayweed
ac3193f78.png,Small-flowered Cranesbill
ac75d3326.png,Loose Silky-bent
acdb75e00.png,Loose Silky-bent
ace8761dd.png,Common Chickweed
ad12382d4.png,Loose Silky-bent
adb7a032c.png,Loose Silky-bent
ae90f2827.png,Scentless Mayweed
aecfaed64.png,Small-flowered Cranesbill
aee6fa3df.png,Loose Silky-bent
af45e222a.png,Scentless Mayweed
afa446484.png,Small-flowered Cranesbill
afcf6abd5.png,Small-flowered Cranesbill
b026bf8ca.png,Loose Silky-bent
b03397525.png,Loose Silky-bent
b0acaff4a.png,Loose Silky-bent
b130a0632.png,Cleavers
b145ba9d4.png,Scentless Mayweed
b1cd2a91e.png,Cleavers
b215531dd.png,Cleavers
b2706e2b3.png,Fat Hen
b29339405.png,Loose Silky-bent
b30ab4659.png,Cleavers
b31292706.png,Common Chickweed
b341d0aab.png,Small-flowered Cranesbill
b39c71707.png,Common Chickweed
b3d6fdb80.png,Small-flowered Cranesbill
b3e08b037.png,Small-flowered Cranesbill
b47691c08.png,Scentless Mayweed
b4c3df835.png,Scentless Mayweed
b4f7c9214.png,Loose Silky-bent
b573b7a56.png,Loose Silky-bent
b5c7fd009.png,Loose Silky-bent
b62dca166.png,Loose Silky-bent
b687160f5.png,Small-flowered Cranesbill
b6a3f7876.png,Loose Silky-bent
b6f3d8b5d.png,Scentless Mayweed
b7192c70f.png,Scentless Mayweed
b7a7f6390.png,Loose Silky-bent
b7ad92859.png,Small-flowered Cranesbill
b828443ff.png,Shepherds Purse
b9062c1c8.png,Small-flowered Cranesbill
b944a49ca.png,Loose Silky-bent
b98327bf4.png,Scentless Mayweed
ba3ce6b3e.png,Scentless Mayweed
bb1c84bbc.png,Loose Silky-bent
bb1d1bfd3.png,Charlock
bb20fce02.png,Scentless Mayweed
bb64660b7.png,Scentless Mayweed
bb7621cb3.png,Fat Hen
bd72d4d8a.png,Scentless Mayweed
bd789d151.png,Small-flowered Cranesbill
bdde957ec.png,Scentless Mayweed
be2499cf4.png,Scentless Mayweed
be341dbdc.png,Loose Silky-bent
bea23d9f8.png,Scentless Mayweed
bebcaab66.png,Scentless Mayweed
beebe5f4e.png,Scentless Mayweed
bf3924a57.png,Small-flowered Cranesbill
bf66b9cd2.png,Small-flowered Cranesbill
bfab3e3d0.png,Scentless Mayweed
bffc08672.png,Scentless Mayweed
c0461776c.png,Shepherds Purse
c069fc3fa.png,Fat Hen
c06e7c748.png,Scentless Mayweed
c0bc3997b.png,Scentless Mayweed
c0d9e170b.png,Small-flowered Cranesbill
c0f5d9ac8.png,Small-flowered Cranesbill
c10ccbd82.png,Scentless Mayweed
c10db7ae2.png,Common Chickweed
c1ecff98b.png,Loose Silky-bent
c26ccf73c.png,Small-flowered Cranesbill
c2de6020a.png,Small-flowered Cranesbill
c35efa095.png,Scentless Mayweed
c4ed8ed38.png,Small-flowered Cranesbill
c50335991.png,Cleavers
c5078bac5.png,Loose Silky-bent
c5e419015.png,Scentless Mayweed
c5e88cd42.png,Common Chickweed
c60e91e07.png,Loose Silky-bent
c63da993b.png,Cleavers
c64370a72.png,Cleavers
c6b76307d.png,Cleavers
c6c8d4ba0.png,Loose Silky-bent
c7051c902.png,Small-flowered Cranesbill
c74c5b7fc.png,Small-flowered Cranesbill
c75a82234.png,Scentless Mayweed
c7ae30f3a.png,Scentless Mayweed
c7b07431e.png,Scentless Mayweed
c7eb96871.png,Scentless Mayweed
c832e4302.png,Fat Hen
c85ef220d.png,Scentless Mayweed
c88ebfb47.png,Small-flowered Cranesbill
c8f50f0c3.png,Cleavers
caa2fbd79.png,Small-flowered Cranesbill
cadab6616.png,Small-flowered Cranesbill
cae684f8f.png,Charlock
cb496f36e.png,Loose Silky-bent
cb76a7766.png,Fat Hen
cbba27d89.png,Small-flowered Cranesbill
cbe761896.png,Charlock
cc3d2a59a.png,Scentless Mayweed
cc74feadc.png,Fat Hen
cd5f0db1c.png,Small-flowered Cranesbill
cd6adba97.png,Small-flowered Cranesbill
ce15eee52.png,Charlock
ce3d280eb.png,Small-flowered Cranesbill
ce42adffb.png,Loose Silky-bent
cec5bf198.png,Scentless Mayweed
cf3a8b2fd.png,Loose Silky-bent
cf46d09c5.png,Small-flowered Cranesbill
cf90fc52d.png,Small-flowered Cranesbill
cfb18d262.png,Scentless Mayweed
cfd8165e9.png,Charlock
d0152bd7c.png,Fat Hen
d01873fdd.png,Loose Silky-bent
d09275360.png,Cleavers
d09d24c58.png,Loose Silky-bent
d0cdc768f.png,Loose Silky-bent
d102e1a15.png,Cleavers
d14aa43f3.png,Small-flowered Cranesbill
d17f48d3b.png,Scentless Mayweed
d2f0f326e.png,Cleavers
d2f422ccb.png,Common Chickweed
d2fd9df40.png,Loose Silky-bent
d3331e071.png,Cleavers
d350a25fa.png,Scentless Mayweed
d41d87796.png,Scentless Mayweed
d488a4fe1.png,Cleavers
d515398fd.png,Loose Silky-bent
d563be369.png,Cleavers
d5f7dd60a.png,Scentless Mayweed
d668409ff.png,Loose Silky-bent
d689256be.png,Cleavers
d6c8c3c48.png,Small-flowered Cranesbill
d6d31dcbe.png,Scentless Mayweed
d6d80a321.png,Scentless Mayweed
d7017f701.png,Cleavers
d84d37a61.png,Scentless Mayweed
d89db156f.png,Small-flowered Cranesbill
d8f4923f8.png,Small-flowered Cranesbill
d93c7ab6d.png,Scentless Mayweed
d9c50616e.png,Scentless Mayweed
da231c97f.png,Scentless Mayweed
da4ed3a28.png,Charlock
da5255450.png,Small-flowered Cranesbill
da713c465.png,Loose Silky-bent
da9ef7858.png,Charlock
dabe3e5be.png,Small-flowered Cranesbill
dabea05f4.png,Loose Silky-bent
dc4cd56a3.png,Loose Silky-bent
dc55449b2.png,Cleavers
dcd7ff249.png,Scentless Mayweed
dce2f6612.png,Common Chickweed
dd5ec63d9.png,Scentless Mayweed
dd9f36df7.png,Small-flowered Cranesbill
de0b79659.png,Cleavers
df11d56a7.png,Scentless Mayweed
df521c0c0.png,Loose Silky-bent
df7cb5f87.png,Small-flowered Cranesbill
dfb1d9012.png,Loose Silky-bent
e0ec5b6a1.png,Scentless Mayweed
e14afa235.png,Cleavers
e15472085.png,Shepherds Purse
e15fce4f2.png,Scentless Mayweed
e1809cef2.png,Scentless Mayweed
e19673dc9.png,Charlock
e19ad6ac9.png,Charlock
e1a0e3202.png,Loose Silky-bent
e1abb4ff9.png,Scentless Mayweed
e3f50adfc.png,Cleavers
e471f1d3a.png,Charlock
e478c452c.png,Cleavers
e4a76885b.png,Common Chickweed
e4d5ec761.png,Loose Silky-bent
e5064f6be.png,Cleavers
e52493d0b.png,Cleavers
e5297b675.png,Loose Silky-bent
e5368474f.png,Scentless Mayweed
e5881dd33.png,Cleavers
e5e3dccff.png,Cleavers
e6f1211a2.png,Cleavers
e7077322d.png,Scentless Mayweed
e721c6ac8.png,Loose Silky-bent
e73e308be.png,Loose Silky-bent
e783f5a4f.png,Scentless Mayweed
e80a259c5.png,Small-flowered Cranesbill
e82017baa.png,Loose Silky-bent
e84464f5a.png,Cleavers
e88bf0db9.png,Small-flowered Cranesbill
e901b0f28.png,Fat Hen
e921021a8.png,Cleavers
e96e57a90.png,Scentless Mayweed
e98e5d1d5.png,Loose Silky-bent
e9cd91682.png,Common Chickweed
e9d48d664.png,Small-flowered Cranesbill
eaf0815e2.png,Small-flowered Cranesbill
ec08a5d56.png,Small-flowered Cranesbill
ede6b84b4.png,Cleavers
edfdb4aeb.png,Scentless Mayweed
eec1079a1.png,Charlock
eef131644.png,Loose Silky-bent
ef02b4ee7.png,Cleavers
ef3e232ad.png,Small-flowered Cranesbill
ef65533d5.png,Loose Silky-bent
ef74dbcad.png,Scentless Mayweed
ef7a5651d.png,Scentless Mayweed
ef9676433.png,Charlock
efe19dc32.png,Charlock
f0ffa00bd.png,Scentless Mayweed
f1e87cba7.png,Loose Silky-bent
f1f7c833f.png,Shepherds Purse
f23faf9c1.png,Loose Silky-bent
f25996db8.png,Small-flowered Cranesbill
f2dc546ca.png,Cleavers
f33e9d918.png,Scentless Mayweed
f351ce097.png,Loose Silky-bent
f3fcfff1b.png,Scentless Mayweed
f4021df6c.png,Scentless Mayweed
f4234cf4f.png,Cleavers
f445fe6fb.png,Charlock
f48916a8c.png,Scentless Mayweed
f4ad9d950.png,Cleavers
f4caf74f9.png,Small-flowered Cranesbill
f4e7733d4.png,Small-flowered Cranesbill
f593c9cf0.png,Scentless Mayweed
f66ae4070.png,Common Chickweed
f6d250856.png,Small-flowered Cranesbill
f8318faf1.png,Scentless Mayweed
f85ed9b6d.png,Cleavers
f9b6bfb00.png,Scentless Mayweed
f9ea23fb5.png,Cleavers
f9f35cbd4.png,Small-flowered Cranesbill
fa5fd1384.png,Small-flowered Cranesbill
fa9f3a8f9.png,Cleavers
fadc6adbc.png,Charlock
fb022edf9.png,Cleavers
fba8fc78a.png,Loose Silky-bent
fbf88b6be.png,Small-flowered Cranesbill
fc3e58836.png,Scentless Mayweed
fc6f686fb.png,Cleavers
fd253a74e.png,Cleavers
fd87b36ae.png,Cleavers
fd925f542.png,Small-flowered Cranesbill
fda0b5c38.png,Cleavers
fda39e16f.png,Loose Silky-bent
fdea6b119.png,Loose Silky-bent
fe29629fb.png,Small-flowered Cranesbill
fe9e87b78.png,Scentless Mayweed
fea1d13d6.png,Small-flowered Cranesbill
fea355851.png,Loose Silky-bent
fea3da57c.png,Scentless Mayweed
fef2ade8c.png,Scentless Mayweed
ff65bc002.png,Charlock
ffc6f8527.png,Loose Silky-bent
